{"cameraMode":{"drawMode":0,"name":"Shaded","section":"Shading Mode"},"sceneLighting":false,"audioPlay":false,"sceneViewState":{"showFog":true,"showMaterialUpdate":false,"showSkybox":true,"showFlares":true,"showImageEffects":true,"showParticleSystems":true},"in2DMode":false,"pivot":{"x":-25.05767822265625,"y":406.5692443847656,"z":-351.8104248046875},"rotation":{"x":0.32877445220947268,"y":0.642568826675415,"z":-0.3558994233608246,"w":0.5935945510864258},"size":571.5156860351563,"orthographic":false}