{"cameraMode":{"drawMode":0,"name":"Shaded","section":"Shading Mode"},"sceneLighting":false,"audioPlay":false,"sceneViewState":{"showFog":true,"showMaterialUpdate":false,"showSkybox":true,"showFlares":true,"showImageEffects":true,"showParticleSystems":true},"in2DMode":false,"pivot":{"x":446.8291931152344,"y":130.26280212402345,"z":-367.22943115234377},"rotation":{"x":-0.003069572150707245,"y":0.842529833316803,"z":-0.5386214256286621,"w":-0.004801762290298939},"size":393.81036376953127,"orthographic":false}